stock_code,company_name,date_of_listing,sponsors,gross_proceeds_hkd,cornerstone_investors,cornerstone_status
03277,Gpixel Changchun Microelectronics Inc. - H Shares,17/04/2026,CITIC Securities (Hong Kong) Limited/ Guotai Junan Capital Limited,2603932696,"CPE Peepal Investment Limited; HHLR Advisors, Ltd.; UBS Asset Management (Singapore) Ltd.; Arc Avenue Asset Management Pte. Ltd.; Boyu Capital Management (Singapore) Pte. Ltd.; Fullgoal Asset Management (HK) Limited; Fullgoal Fund Management Co., Ltd.; GF International Investment Management Limited; GF Fund Management Co., Ltd.; Shanghai Greenwoods Asset Management Co., Ltd.; Huatai Capital Investment Limited; Greenwoods Asset Management Hong Kong Limited; Mirae Asset Securities (HK) Limited; Perseverance Asset Management International (Singapore) Pte. Ltd.; Yield Royal Investment Holding (Singapore) PTE. LTD.; 3W Fund Management Limited; Eastern Bell Capital VIII Investment Limited; ICBC Wealth Management Co., Ltd.; Protium Capital Limited; SCC Foresight Ventures Ltd.; Voyage42 Master Fund; WT Asset Management Limited; E Fund Management (Hong Kong) Co., Ltd.; E Fund Management Co., Ltd.; China Asset Management Co., Ltd.; Cithara Global Multi-Strategy SPC — Disruptive Innovation Investment Fund SP; Panjing Harbourview Investment Fund; Value Partners Hong Kong Limited; Value Partners Limited; China Orient International Asset Management Limited — China Orient Multi-Strategy Master Fund; China Merchants Securities Investment Management (Hong Kong) Company Limited",done
00068,Manycore Tech Inc.,17/04/2026,J.P. Morgan Securities (Far East) Limited/ CCB International Capital Limited,1407501630,"Taikang Life Insurance Co., Ltd; Sunshine Life Insurance Corporation Limited; GF Fund Management Co., Ltd. and GF International Investment Management Limited; REDWOOD ELITE LIMITED; Mirae Asset Securities Co., Ltd.; RIME Capital Limited; Hesai Hong Kong Limited; Guohui (HK) Holdings Co., Limited; CR Construction Group Holdings Limited",done
02476,"Victory Giant Technology (HuiZhou) Co., Ltd. - H Shares",21/04/2026,J.P. Morgan Securities (Far East) Limited / China Securities (International) Corporate Finance Company Limited / GF Capital (Hong Kong) Limited,23134547700,"CPE Rosewood Investment Limited; Janchor Partners Pan-Asian Master Fund; Yunfeng Capital New Alternative Limited; New Golden Future Limited; Deliante Holdings Co., Ltd.; Hong Kong Mason Electronics Co., Ltd.; Morgan Stanley & Co. International plc; Foresight Global Superior Choice SPC – Global Superior Choice Fund 1 SP, Foresight Global Superior Choice SPC – Vision Fund 1 SP, and Foresight Global Superior Choice SPC – Horizon Fund 1 SP; HHLR Advisors, Ltd.; Pinpoint Asset Management Limited; Sunshine Life Insurance Corporation Limited; Tanwan Inc.; Tropical Terrain Limited; Yong Rong (HK) Asset Management Limited; Huizhou Huilian Investment Partnership (Limited Partnership); Greenwoods Asset Management Hong Kong Limited; Bosera Asset Management (International) Co., Limited; Cloudview Capital Limited; CNCB (Hong Kong) Investment Limited; Greater Bay Area Homeland Investments Limited; Mega Prime Development Limited; Poly Platinum Enterprises Limited; Golden K2 Falcon Open-ended Fund Company; Infore Funds Series 1 Open-ended Fund Company; Metazone Link (HK) Limited; MY Asian Opportunities Master Fund, L.P.; Ovata Capital Management Limited; SR Wealth Securities Limited; Ruihua (International) Investment Limited; Tianhong Asset Management Co., Ltd.; Ye Guofu; CloudAlpha Capital Management Limited; Everbright Wealth Management Co., Ltd.; Jump Trading Pacific Pte. Ltd.; Luhua Daosheng (Beijing) Enterprise Management & Development Co., Ltd.; Mirae Asset Securities Co., Ltd.; Panjing Harbourview Investment Fund; Wind Sabre Fund SPC; Black Dragon AP SPV1; HQ TELECOM SINGAPORE PTE. LTD.",done
03296,"Huaqin Co., Ltd. - H Shares",23/04/2026,China International Capital Corporation Hong Kong Securities Limited / Merrill Lynch (Asia Pacific) Limited,4549195140,JPMAMAPL; UBS AM Singapore; Shanghai Gaoyi and CICC FT; Perseverance Asset Management; Cloud Map; Taikang Life; 3W Fund; New China Asset Management; Everbright Wealth; IvyRock; Aurora SF; KIL; OmniVision HK; Green Better; Hongxing International; Ingenic Semiconductor HK; Awinic Technology Limited; JinYi Capital,done
01879,"Shanghai Xizhi Technology Co., Ltd. - P - H Shares",28/04/2026,China International Capital Corporation Hong Kong Securities Limited / Haitong International Capital Limited,2527283388,Alibaba Investment; GIC; Baillie Gifford; BlackRock; Fidelity International; Schroders; Temasek; CM Shanghai Fund; HHLRA FUNDS; UBS AM; 3W Fund; Aspex; CPE Fir; Greenwoods; Shanghai Greenwoods and CICC FT (in connection with Greenwoods OTC Swaps); GF Fund; Lenovo; Mirae Asset Securities HK; ZTE HK; ICBC Wealth; Ping An AM,done
02493,"Mabwell (Shanghai) Bioscience Co., Ltd. - B - H Shares",28/04/2026,CITIC Securities (Hong Kong) Limited / Haitong International Capital Limited,1302678728,"Junshi Hong Kong Limited; Sanjin International Co., Ltd.; Guohui (HK) Holdings Co., Limited; CHIL; WuXi Biologics HealthCare Venture; Splendid Zhonghe (Tianjin) Investment Management Co., Ltd.",done
06810,"Shanghai Sunmi Technology Co., Ltd. - W - H Shares",29/04/2026,Deutsche Securities Asia Limited / CITIC Securities (Hong Kong) Limited / ABCI Capital Limited,1059702248,"China Orient Enhanced Income Fund; XINWUTANG CO., LIMITED",done
6656,"Sigenergy Technology Co., Ltd. - H Shares",16/04/2026,CITIC Securities (Hong Kong) Limited / BNP Paribas Securities (Asia) Limited,4400658380,"Aranda Investments Pte. Ltd; Shanghai Lujiazui (Group) Co., Ltd.; Goldman Sachs Asset Management (Hong Kong) Limited; HHLR Advisors, Ltd.; Hillhouse Investment Management, Ltd.; UBS Asset Management (Singapore) Ltd.; AXA Investment Managers UK Limited; CPE Energy Investment Limited; Lazurite Hime L.P.; Baring Asset Management (Asia) Limited; Charoen Pokphand Robot Limited; CPIC Investment Management (H.K.) Company Limited; Fullgoal Asset Management (HK) Limited; Fullgoal Fund Management Co., Ltd.; Greenwoods Asset Management Hong Kong Limited; Huadeng Technology Space Ventures Ltd; ICBC Wealth Management Co., Ltd.; Perseverance Asset Management International (Singapore) Pte. Ltd.; Scene Cloud Global Limited; Tropical Terrain Limited; 3W Fund Management Limited",done
664,"Hangzhou Tongshifu Cultural and Creative (Group) Co., Ltd. - H Shares",31/03/2026,CMB International Capital Limited,444408000,"Jiantou International (Hong Kong) Co., Limited",done
3625,"Shanghai FourSemi Semiconductor Co., Ltd. - H Shares",31/03/2026,Guotai Junan Capital Limited / Orient Capital (Hong Kong) Limited,480000000,none,done
1021,"Guangdong Huayan Robotics Co., Ltd. - H Shares",30/03/2026,China International Capital Corporation Hong Kong Securities Limited / Deutsche Securities Asia Limited,1579344200,"HHLR Advisors, Ltd.; GF Fund; Morgan Stanley & Co. International plc; Samson Group Limited; Haojun Investment and HTCI; Eternal Summer Consulting Company Ltd.; Shrewd Pioneer Limited; Richfirm (Hong Kong) Development Limited; VVC Technology Fund Ltd.",done
2526,"Hangzhou Diagens Biotechnology Co., Ltd. - B - H Shares",30/03/2026,Huatai Financial Holdings (Hong Kong) Limited,791920800,none,done
2726,"Epiworld International Co., Ltd. - H Shares",30/03/2026,China International Capital Corporation Hong Kong Securities Limited,1638983733,Xiamen Advanced Intelligent Manufacturing Industry Investment Limited,done
6636,"Shandong Extreme Vision Technology Co., Ltd. - H Shares",30/03/2026,CITIC Securities (Hong Kong) Limited,499200000,Zhengjin International; GKI,done
2632,"Jiangsu New Vision Automotive Electronics Co., Ltd. - H Shares",24/03/2026,Haitong International Capital Limited. / CITIC Securities (Hong Kong) Limited,717211300,"Yingke No. 1 (Hongkong) Limited; Hongkong High Tech Industrial (Beijing) Development Investment Co., Limited",done
2729,"Zhejiang Galaxis Technology Group Co., Ltd. - H Shares",24/03/2026,Guotai Junan Capital Limited / CITIC Securities (Hong Kong) Limited,613054680,none,done
2701,Nsing Technologies Inc. - H Shares,23/03/2026,CITIC Securities (Hong Kong) Limited,1026000000,"Guohua Life Insurance Co., Ltd.; Harvest Oriental II SP; Ms. Christine Tai; Mr. An Jiangbo; Sunwoda Treasury (Hong Kong) Limited",done
3355,FS.COM Ltd. - H Shares,23/03/2026,"China International Capital Corporation Hong Kong Securities Limited / China Securities (International) Corporate Finance Company Limited / China Merchants Securities (HK) Co., Limited",1664000000,"Hao Great China Focus Fund; Great Holding Development Limited; WT Asset Management Limited; Caitong Funds SPC — Strategic Equity Fund III SP; Shanghai Intewise Capital Investment Limited ultimate clients and CICC Financial Trading Limited (in connection with Shanghai Intewise OTC Swaps); Foresight Capital Steady Growth LPF; SCGC Capital Holding Company Limited; Aether Wave Fund L.P.; GF International Investment Management Limited; Shenzhen Kaifeng Investment Management Co., Ltd., Changdu Kaifeng Investment Management Co., Ltd. and CICC FT (in connection with the Kaifeng OTC Swaps); Wider Huge Group Limited",done
1989,Delton Technology (Guangzhou) Inc. - H Shares,20/03/2026,CITIC Securities (Hong Kong) Limited / HSBC Corporate Finance (Hong Kong) Limited,3306480000,"China Pinnacle Equity Management Limited; Yuanfeng Asset Management and GTINV; Shanghai Greenwoods and CITIC Securities International Capital Management Limited; Greenwoods Asset Management Hong Kong Limited; UBS Asset Management (Singapore) Ltd.; Value Partners Hong Kong Limited and Value Partners Limited; Eastspring Investments (Singapore) Limited; Greater Bay Area Development Fund Management Limited; MY Asian Opportunities Master Fund, L.P.; Baring Asset Management (Asia) Limited; Dajia Life Insurance Co., Ltd.; ICBC Wealth Management Co., Ltd.",done
3268,"MeiG Smart Technology Co., Ltd. - H Shares",10/03/2026,China International Capital Corporation Hong Kong Securities Ltd.,1161615000,"Baoyue Lake Shenzhen Industrial Investment Win-Win Enterprise Management Limited; Meiko Elec. Hong Kong Co., Limited; Streamax Electronics Limited; Harvest International Premium Value (Secondary Market) Fund SPC on behalf of Harvest Oriental SP; Jinyi Capital Multi-Strategy Fund SPC Ltd.; Open Wealth Management Limited; China Winning Limited; Chau Tsang Cheong",done
2649,"ALSCO Pooling Service Co., Ltd. - H Shares",09/03/2026,China Securities (International) Corporate Finance Company Limited,223696000,none,done
2715,"ESTUN AUTOMATION CO., LTD - H Shares",09/03/2026,Huatai Financial Holdings (Hong Kong) Limited,1486540800,"Harvest International Premium Value Fund SPC acting on behalf of and for the account of Harvest Oriental SP; Hengtong Optic-electric International Co., Limited; Dream ’ee (Hong Kong) Open-ended Fund Company; Deep Source Holdings Limited; Haitian Huayuan (Singapore) Pte. Ltd.; New Fortune Holdings Group Limited; Qianhai Hezhong Investment Holding Limited",done
2692,"Shenzhen Zhaowei Machinery & Electronics Co., Ltd. - H Shares",09/03/2026,"China Merchants Securities (HK) Co., Limited / Deutsche Securities Asia Limited",1906618824,HHLRA; Mirae Asset Securities HK; Perseverance Asset Management; Da Cheng International; GF Fund HK; Oakwise Growth Fund; Jump Trading; VVC Technology; FMF; Taihu Golden Valley; Topstar Worldwide; Virtues Capital and China Securities International Investment Company Limited; Hengbang and China Galaxy International Investment Company Limited; W Investment; BeingBoom Capital; Mr. He Maoling; Mr. Luo Jie; Bridge Zone Group; CMBC International; RIME; Main Source Capital,done
2706,"Beijing Haizhi Technology Group Co., Ltd. - H Shares",13/02/2026,CMB International Capital Limited / BOCI Asia Limited / Shenwan Hongyuan Capital (H.K.) Limited,758497212,JSC International Investment Fund SPC (acting for and on behalf of Etown SP); JINGSHENG HENGXING TECHNOLOGY PTE. LTD.; Infini Global Master Fund; Mega Prime Development Limited,done
9981,"Shenzhen Woer Heat-Shrinkable Material Co., Ltd. - H Shares",13/02/2026,"China Securities (International) Corporate Finance Company Limited / China Merchants Securities (HK) Co., Limited",2812374992,"HHLR Advisors, Ltd.; Shanghai Greenwoods and Huatai Capital Investment Limited; Jump Trading Pacific Pte. Ltd.; Huizhou Huilian Investment Partnership (Limited Partnership); JCC and Guotai Junan Investments (Hong Kong) Limited; Shen Zhen New World Investment (H.K) Limited; BEST CHEER DEVELOPMENT LIMITED; RIME Capital Limited; SCV Alpha LP; Yield Royal Investment Holding (Singapore) PTE. LTD.; Guohui (HK) Holdings Co., Limited; Pu Xin Guotai Junan Investments (Hong Kong) Limited; CAPCHEM (HONGKONG) CO., LIMITED; Enhanced Investment Products Limited; Factorial Master Fund; Qianhai Starlight Capital SPC",done
470,"WUXI LEAD INTELLIGENT EQUIPMENT CO., LTD. - H shares",11/02/2026,CITIC Securities (Hong Kong) Limited / J.P. Morgan Securities (Far East) Limited,4949074720,"Oaktree Capital Management, L.P.; Pinpoint Asset Management Limited; Aspex Master Fund; MY Asian Opportunities Master Fund, L.P.; Morgan Stanley & Co. International plc; Ovata Capital Management Limited; Qube Master Fund Ltd; Wuxi Jinchou and GTHT (in connection with Wuxi Jinchou OTC Swaps); Integrated Core Strategies (Asia) Pte. Ltd.; Rome Garden Holding Limited",done
600,"Axera Semiconductor Co., Ltd. - H shares",10/02/2026,China International Capital Corporation Hong Kong Securities Limited / Guotai Junan Capital Limited / BOCOM International (Asia) Limited,2991774660,WILL semiconductor Limited; Xin Ma Apparel International Limited; JSC International Investment Fund SPC; NGS Super Pty Limited; Desay SV Automotive Singapore Pte. Ltd.; Factorial Master Fund; Hel Ved Master Fund; Valliance Asset Management Limited; Alphahill Capital Limited; Joyson Electronics Holdings Hong Kong Limited; Jupiter Global Master Fund Ltd.; GRANITE ASIA IX VCC (for the account of and on behalf of GX ACCESS); Longhorn and CICC Financial Trading Limited (in connection with Longhorn OTC Swaps); NonaVerse (Hong Kong) Limited; Qingdao Guanlan and Guotai Junan Investments (Hong Kong) Limited (in connection with Guanlan OTC Swaps); Jinyi Capital Multi-Strategy Fund SPC Ltd.,done
2720,Ridge Outdoor International Limited,10/02/2026,China International Capital Corporation Hong Kong Securities Limited,345511250,"Orbit Venture Capital Management Co., Limited; Huangshan Dejun Enterprise Management Co., Ltd.",done
6809,"Montage Technology Co., Ltd. - H shares",09/02/2026,China International Capital Corporation Hong Kong Securities Limited / Morgan Stanley Asia Limited / UBS Securities Hong Kong Limited,8099429415,"J.P. Morgan Investment Management Inc.; UBS Asset Management (Singapore) Ltd.; Yunfeng Investments Limited; New Alternative Limited; New Golden Future Limited; Alisoft China Holding Limited; Aspex Master Fund; Janchor Partners Pan-Asian Master Fund; abrdn Asia Limited; Baring Asset Management (Asia) Limited; Mirae Asset Securities Co., Ltd.; AGIC Partners Holding (Cayman) II Limited; Hel Ved Master Fund; Huaqin Telecom Hong Kong Limited; Huadeng Summit Fortitude Ventures Ltd; PSBC Wealth Management Co., Ltd.; Taikang Life Insurance Co., Ltd; MY Asian Opportunities Master Fund, L.P.; Qube Master Fund Ltd",done
2677,Distinct Healthcare Holdings Limited,06/02/2026,Haitong International Capital Limited / SPDB International Capital Limited,296271390,Health Vision Hong Kong Limited; KingMed Diagnostics (Hong Kong) Limited; Mininglamp Technology; Galaxy Dynasty Limited,done
2714,"Muyuan Foods Co., Ltd. - H shares",06/02/2026,Morgan Stanley Asia Limited / CITIC Securities (Hong Kong) Limited / Goldman Sachs (Asia) L.L.C.,12098700900,"Charoen Pokphand Foods Public Company Limited; Wilmar – Wii Pte Ltd; Wilmar – HPRY Holdings Limited; Sinochem Hong Kong (Group) Company Limited; Hong Kong Henan Agri International Co., Limited; FIL Investment Management (Hong Kong) Limited; RBC Global Asset Management (Asia) Limited; Perseverance Asset Management International (Singapore) Pte. Ltd.; Shanghai Gaoyi Asset Management Partnership (Limited Partnership); Huatai Capital Investment Limited; Ping An of China Asset Management (Hong Kong) Company Limited; Dajia Life Insurance Co., Ltd.; UBS Asset Management (Singapore) Ltd.; Midea Development Holding (BVI) Limited; Integrated Core Strategies (Asia) Pte. Ltd.; Jane Street Asia Trading Limited",done
3200,"Shenzhen Han’s CNC Technology Co., Ltd. - H shares",06/02/2026,China International Capital Corporation Hong Kong Securities Limited,5558268100,"Hongxing International Technology Limited; GIC Private Limited; Schroder Investment Management (Singapore) Ltd; Schroder Investment Management (Hong Kong) Limited; HHLR Advisors, Ltd.; Morgan Stanley & Co. International plc; Fullgoal; Fullgoal Asset Management (HK) Limited; Fullgoal Fund Management Co., Ltd.; Tibet Longrising Asset Management Co., Ltd.; CICC Financial Trading Limited; ICBC Wealth Management Co., Ltd.; Wind Sabre Fund SPC on behalf of Wind Sabre Opportunities Fund SP; WILL Semiconductor Limited",done
2768,"Qingdao Gon Technology Co., Ltd. - H shares",04/02/2026,"China Merchants Securities (HK) Co., Limited",1080000000,"Nice First Investments Limited; SLD International Enterprises Limited; Cheng A International Co., Limited; Shenwan Hongyuan Securities Co., Ltd.; First Seafront Fund Series SPC; New Harvest Wealth Securities Company Limited; Luminous Horizon Limited; Fullgoal Asset Management (HK) Limited",done
9980,"Eastroc Beverage (Group) Co., Ltd. - H shares",03/02/2026,Huatai Financial Holdings (Hong Kong) Limited / Morgan Stanley Asia Limited / UBS Securities Hong Kong Limited,11099413600,"Al-Rayyan Holding LLC; Taibai Investments Pte. Ltd.; True Light Investments H Pte. Ltd.; BlackRock Funds; UBS Asset Management (Singapore) Ltd.; Huang River Investment Limited; HSG Growth VII Holdco, Ltd.; JPMorgan Asset Management (Asia Pacific) Limited; Azure Skylines Limited; Taikang Life Insurance Co., Ltd; Pacific Century Pines Investments 1 Limited; FMR Participating Funds; Velmar Company Limited; Pinpoint Asset Management Limited; Amazing Mountain Limited; Great China Motivation Fund Phase II L.P.",done
1768,"BUSY MING GROUP CO., LTD.- H shares",28/01/2026,Goldman Sachs (Asia) L.L.C / Huatai Financial Holdings (Hong Kong) Limited,4220423480,Tencent; Temasek; BlackRock; FIL Investment; Bosera International; E Fund; Springs Capital; Taikang Life,done
9611,"Shanghai Longcheer Technology Co., Ltd.- H shares",22/01/2026,Citigroup Global Markets Asia Limited / Haitong International Capital Limited / Guotai Junan Capital Limited,1620032100,"Qualcomm Ventures LLC; Jiangxi Guokong Private Equity Fund Management Co., Ltd.; WILL semiconductor Limited; Hong Kong Yuto Printing Company Limited; Qingdao Guanlan and Guotai Junan Investments (Hong Kong) Limited; Endless Growth NH Limited",done
3986,GigaDevice Semiconductor Inc. - H shares,13/01/2026,China International Capital Corporation Hong Kong Securities Limited / Huatai Financial Holdings (Hong Kong) Limited,5387002200,"Beijing Yuanfeng Asset Management L.L.P.; Huatai Capital Investment Limited; China Pinnacle Equity Management Limited; Shanghai Greenwoods Asset Management Co., Ltd.; New Alternative Limited; New Golden Future Limited; Dymon Asia Multi-Strategy Investment Master Fund; CloudAlpha Capital Management Limited; 3W Fund Management Limited; HUAQIN TELECOM HONG KONG LIMITED; Metazone Link (HK) Limited; Sky Royal Trading Limited; Green Better Limited; New China Asset Management (Hong Kong) Limited; Taikang Life Insurance Co., Ltd; Summit Ridge Capital SP; ICBC Wealth Management Co., Ltd.; Greater Bay Area Development Fund Management Limited; Wind Sabre Fund SPC on behalf of Wind Sabre Opportunities Fund SP",done
1641,"Hongxing Coldchain (Hunan) Co., Ltd.- H shares",13/01/2026,CCB International Capital Limited / ABCI Capital Limited,285204380,FUHUIDA HK,done
501,"OmniVision Integrated Circuits Group, Inc. - H shares",12/01/2026,UBS Securities Hong Kong Limited / China International Capital Corporation Hong Kong Securities Limited / Ping An of China Capital (Hong Kong) Company Limited / GF Capital (Hong Kong) Limited,5317667280,"Wildlife Willow Limited; UBS Asset Management (Singapore) Ltd.; Formosa Opportunity Limited; Huaqin Telecom Hong Kong Limited; SKY ROYAL TRADING LIMITED; Pudong Science and Technology (Cayman) Co., Ltd.; JSC International Investment Fund SPC (acting for and on behalf of Yongxin I SP); Ghisallo Fund Master Ltd; Dajia Life Insurance Co., Ltd.; PSBC Wealth Management Co., Ltd. (through GF Securities Asset Management (Guangdong) Co., Ltd as the qualified domestic institutional investor)",done
100,MiniMax Group Inc. - W - P,09/01/2026,China International Capital Corporation Hong Kong Securities Limited/ UBS Securities Hong Kong Limited,5540244600,"Abu Dhabi Investment Authority; Alisoft China Holding Limited; Aspex Master Fund; Abstract Enigma Limited; China Universal Asset Management (Hong Kong) Company Limited; Eastspring Investments (Singapore) Limited; E Fund Management Co., Ltd.; IDG Breyer Capital Fund L.P.; Janchor Partners Pan-Asian Master Fund and Janchor Partners Opportunities Master Fund III; Martis Fund, L.P.; Mirae Asset Securities Co., Ltd.; MPC VII Pte. Ltd.; Perseverance Asset Management International (Singapore) Pte. Ltd.; Taikang Life Insurance Co., Ltd",done
6938,"Suzhou Ribo Life Science Co., Ltd. - B - H shares",09/01/2026,China International Capital Corporation Hong Kong Securities Limited / Citigroup Global Markets Asia Limited,2107313846,"Arc Avenue Asset Management Pte. Ltd.; Bright Stone Holdings Limited; China Asset Management Co., Ltd.; Da Cheng International Asset Management Company Limited; Dacheng Fund Management Company Limited; Erik Selin Fastigheter Aktiebolag; Himension Fund; IvyRock Asset Management Limited; Mingxin Growth Ventures LS2 Limited; Springs Capital (Hong Kong) Limited; Taikang Life Insurance Co., Ltd.; Tenbagger Capital Nengxin, LP; Tenbagger Capital (Shanghai, Ziran), LP; Huatai Capital Investment Limited",done
3636,"Yunnan Jinxun Resources Co., Ltd. - H shares",09/01/2026,Huatai Financial Holdings (Hong Kong) Limited,1268412000,Glencore International AG; Stoneylake Global Alpha Fund; NR 1 SP; China Asset Management (Hong Kong) Limited; New Asia Ferrell Asset Management Limited; Bridge Zone Group Limited; Zhengxin Group Investment Limited; Sunwoda Treasury (Hong Kong) Limited,done
2513,Knowledge Atlas Technology Joint Stock Company Limited - H shares,08/01/2026,China International Capital Corporation Hong Kong Securities Limited,5000364880,,error: No allotment announcement link found on HKEXnews.
9903,"Shanghai Iluvatar CoreX Semiconductor Co., Ltd. - H shares",08/01/2026,Huatai Financial Holdings (Hong Kong) Limited,3677438280,"ZTE (H.K.) Limited; XN Mountain International Limited; Wind Sabre Fund SPC acting on behalf and for the account of Wind Sabre Opportunities Fund SP; UBS Asset Management (Singapore) Ltd.; Teamsun Technology (HK) Limited; Qin Wan Investment Limited; OCM Limited; Ocean Fine Industrial Limited; Huatai Capital Investment Limited (in connection with OTC swaps for Jiujiu Hengxin (Xiamen) Private Fund Management Co., Ltd.); Fourth Paradigm International Limited; Engine International Technology Co., Limited; Duckling Fund, L.P.; DeepRoot Alpha Ltd; China Universal Asset Management (Hong Kong) Company Limited; China Orient International Asset Management Limited — China Orient Enhanced Income Fund; China Orient International Asset Management Limited — China Orient Multi-Strategy Master Fund; China Asset Management (Hong Kong) Limited; CFIG Holdings Limited; Alphahill Capital Limited",done
2675,"Shenzhen Edge Medical Co., Ltd.- B - H shares",08/01/2026,Morgan Stanley Asia Limited / GF Capital (Hong Kong) Limited,1378512820,"Abu Dhabi Investment Authority; UBS Asset Management (Singapore) Ltd.; OrbiMed Genesis Master Fund, L.P.; Huang River Investment Limited; LYFE Capital Fund IV (Dragon), L.P.; Poly Platinum Enterprises Limited; Mega Prime Development Limited; China Asset Management (Hong Kong) Limited; China Alpha Fund Management (HK) Ltd; Tekful Limited; Integrated Core Strategies (Asia) Pte. Ltd.; Sage Partners Master Fund; Panjing Harbourview Investment Fund; Infini Global Master Fund",done
6082,"Shanghai Biren Technology Co., Ltd.- H shares",02/01/2026,China International Capital Corporation Hong Kong Securities Limited / Ping An of China Capital (Hong Kong) Company Limited / BOCI Asia Limited,6420438640,"3W Fund Management Limited; Qiming Venture Partners; QM125 Limited; QM120 Limited; Aspex Master Fund; WT Asset Management Limited; Hao Great China Focus Fund; Ping An Life Insurance Company of China, Ltd.; Huadeng Technology Peak Fortitude Ventures Ltd; Lion Global Investors Limited; Shanghai Greenwoods and CICC Financial Trading Limited; MY Asian Opportunities Master Fund, L.P.; Eastspring Investments (Singapore) Limited; UBS Asset Management (Singapore) Ltd.; Taikang Life Insurance Co., Ltd; Aspirational China Growth GP Limited; Charoen Pokphand Robot Limited; Digital China (HK) Limited; Jinxiu 608 and GTJA HK; China Southern Asset Management Co., Ltd.; Fullgoal Fund; Fullgoal Fund Management Co., Ltd.; Fullgoal Asset Management (HK) Limited; Yeebo Alpha Limited; Enhanced Investment Products Limited; Tessy Holding Limited; New Opportunities SPC; Guotai Junan Investments (Hong Kong) Limited; Nanchang Zhengtong Equity Investment Fund Partnership (Limited Partnership); Shanghai Haitong Zhida Private Equity Investment Fund Partnership (Limited Partnership)",done
3696,InSilico Medicine Cayman TopCo,30/12/2025,Morgan Stanley Asia Limited / China International Capital Corporation Hong Kong Securities Limited / GF Capital (Hong Kong) Limited,2618900700,"Lilly; Tencent; Oaktree; Schroders; Taibai Investments PTE. LTD.; UBS Asset Management (Singapore) Ltd.; China AMC; Pacific Asset Management Co., Ltd.; E Fund Management; Fullgoal HK; Fullgoal Fund; Harvest; Taikang Life; RTW; Emerging Markets Healthcare Partners LLC; Infini",done
6600,"OneRobotics (Shenzhen) Co., Ltd.- H shares",30/12/2025,Guotai Junan Capital Limited / Huatai Financial Holdings (Hong Kong) Limited,1871280180,"HHLR Advisors, Ltd.; Hillhouse Investment Management Limited; Cithara Global Multi-Strategy SPC — Bosideng Industry Investment Fund SP; Infini Global Master Fund; Wind Sabre Fund SPC on behalf of Wind Sabre Opportunities Fund SP; Sage Partners Master Fund",done
2657,"SHANGHAI FOREST CABIN COSMETICS GROUP CO., LTD. - H shares",30/12/2025,CITIC Securities (Hong Kong) Limited / Huatai Financial Holdings (Hong Kong) Limited,1249095078,"FIL Investment Management (Hong Kong) Limited; Mega Prime Development Limited; Loyal Valley Capital; Duckling Fund, L.P.; SynerSuccess Capital Ltd.; Dajia Life Insurance Co., Ltd.; Yield Royal Investment Holding (Singapore) PTE. LTD.",done
3317,"Shenzhen Xunce Technology Co., Ltd.- H shares",30/12/2025,Guotai Junan Capital Limited,1089331200,SinoMedia Holding Limited; York House Investment Limited; Alphahill Future Fund; Manifold Master Fund; Wealth Strategy Holdings Limited; Infini Global Master Fund; Vered Holdings (Hong Kong) Limited; New Golden Future Limited; Cithara Global Multi-Strategy SPC — Bosideng Industry Investment Fund SP; Factorial Master Fund; Joy Mobile Network Pte. Ltd.,done
6651,"Beijing 51WORLD Digital Twin Technology Co., Ltd.- H shares",30/12/2025,China International Capital Corporation Hong Kong Securities Limited / Huatai Financial Holdings (Hong Kong) Limited,731243600, none,done
2671,"USAS Building System (Shanghai) Co., Ltd. - H shares",30/12/2025,Shenwan Hongyuan Capital (H.K.) Limited,174660000,"Colorful Cloud Holdings Limited; Tiny Jade Holdings Co., Limited; Wu Xinghua; Logic Selective Value Investment Funds SPC",done
2661,QingSong Health Corporation,23/12/2025,"China International Capital Corporation Hong Kong Securities Limited / China Merchants Securities (HK) Co., Limited",601927200,none,done
3378,"Hanx Biopharmaceuticals (Wuhan) Co., Ltd. - B - H shares",23/12/2025,ICBC International Capital Limited,586272000,"Fund Resources Investment Holding Group Company Limited; Sage Partners Master Fund; Guotai Junan Investments (Hong Kong) Limited (in connection with the Kunyang OTC Swaps); TFI Investment Fund SPC (acting for and on behalf of its segregated portfolio, TFI Lakeside SP); Main Source Capital Limited; YStem Holding Limited; Awaken Thunder Capital Limited",done
2635,"Nuobikan Artificial Intelligence Technology (Chengdu) Co., Ltd. - H shares",23/12/2025,China International Capital Corporation Hong Kong Securities Limited,302928000,Huatai Securities; Zeyuanli Wangtian No.22 Private Equity Securities Investment Fund; River Stone Pacific Capital Limited,done
2691,"Nanhua Futures Co., Ltd. - H shares",22/12/2025,CITIC Securities (Hong Kong) Limited,1291908000,none,done
2396,B&K CORPORATION LIMITED - B - H shares,22/12/2025,Huatai Financial Holdings (Hong Kong) Limited / CITIC Securities (Hong Kong) Limited,674184160,none,done
2581,BenQ BM Holding Cayman Corp.,22/12/2025,China International Capital Corporation Hong Kong Securities Limited / Citigroup Global Markets Asia Limited,625780000,"Heron Neutron Medical Corp.; Cowealth Medical China Co., Ltd.; Suzhou Zhanxingtou Industrial Fund Partnership (Limited Partnership)",done
2695,"Impression Dahongpao Co., Ltd. - H shares",22/12/2025,China Industrial Securities International Capital Limited / Halcyon Capital Limited,129960000,none,done
3881,CiDi Inc. - H shares,19/12/2025,China International Capital Corporation Hong Kong Securities Limited / China Securities (International) Corporate Finance Company Limited / Ping An of China Capital (Hong Kong) Company Limited,1422298740,Management Company Limited; Qianhai Kaiyuan Qunwei QDII Single Asset Management Plan,done
2546,"Xizang Zhihui Mining Co., Ltd. - H shares",19/12/2025,Sinolink Securities (Hong Kong) Company Limited / Maxa Capital Limited,550003520,Sparky International Company Limited; Greater Bay Area Homeland Investments Limited; GIGA Industries Limited; Poly Platinum Enterprises Limited,done
3887,HashKey Holdings Limited,17/12/2025,J.P. Morgan Securities (Far East) Limited / Guotai Junan Capital Limited,1612968832,UBS Asset Management (Singapore) Ltd.; FIL Investment Management (Hong Kong) Limited; CDH Global Frontier Ventures Limited; Cithara Global Multi-Strategy SPC – Bosideng Industry Investment Fund SP; Infini Global Master Fund; Deep Source Holdings Limited; Profit Channel Development Limited; Shining Light Grace Limited; Space Z PTE. LTD.,done
2655,"Guoxia Technology Co., Ltd. - H shares",16/12/2025,China Everbright Capital Limited,899885040,"Huikai Hong Kong Economic Development Co., Ltd.; Dream’ ee (Hong Kong) Open-ended Fund Company; RIME Capital Limited",done
7618,"JINGDONG Industrials, Inc.",11/12/2025,Merrill Lynch (Asia Pacific) Limited / UBS Securities Hong Kong Limited / Haitong International Capital Limited / Goldman Sachs (Asia) L.L.C.,3033843420,M&G Investors; CPE Investment; AIM; IvyRock; CoreView; Schonfeld; Burkehill,done
2659,"Shanghai Bao Pharmaceuticals Co., Ltd. - B - H shares",10/12/2025,CITIC Securities (Hong Kong) Limited / Haitong International Capital Limited,1000110646,"AnkeBio (Hong Kong) Co., Limited; Derivatives China Alpha Fund SPC (acting for and on behalf of Derivatives China Fundamental Fund SP); Guotai Junan Investments (Hong Kong) Limited (in connection with the Zhonghe OTC Swaps)",done
2665,Seyond Holdings Ltd.,10/12/2025,Zero2IPO Capital Limited / CITIC Securities (Hong Kong) Limited / China Securities (International) Corporate Finance Company Limited,0,,error: No allotment announcement link found on HKEXnews.
2676,"Suzhou Novosense Microelectronics Co., Ltd. - H shares",08/12/2025,China International Capital Corporation Hong Kong Securities Limited / CITIC Securities (Hong Kong) Limited / CCB International Capital Limited,2331020000,Oriza Naxin; Golden Link; Hield International; Perseverance Asset Management; 3W Fund; Green Better; Dream’ee HK Fund,done
2687,"SHANGHAI ABLE DIGITAL SCIENCE&TECH CO., LTD. - H shares",08/12/2025,ABCI Capital Limited,450002250,none,done
2658,"Guangdong Tianyu Semiconductor Co., Ltd. - H shares",05/12/2025,CITIC Securities (Hong Kong) Limited,1744089000,"Guangdong Primitive Forest Fund Management Co., Ltd; GF Global Capital Limited; Glory Ocean Innovation Limited",done
2408,"Guangzhou Xiao Noodles Catering Management Co., Ltd.- H shares",05/12/2025,CMB International Capital Limited,685446080,"HHLR Advisors, Ltd.; Guotai Junan Investments (Hong Kong) Limited; Dream ’ee (Hong Kong) Open-ended Fund Company; Hong Kong Shengying Investment Limited; Zeta Wisdom OFC; Hai Di Lao Holdings Pte. Ltd.",done
2539,"Lemo Services Co., Ltd - H shares",03/12/2025,China Securities (International) Corporate Finance Company Limited / Shenwan Hongyuan Capital (H.K.) Limited,222224000,none,done
2693,"ANHUI JINYAN KAOLIN NEW MATERIALS CO., LTD. - H shares",03/12/2025,Guoyuan Capital (Hong Kong) Limited / CMBC International Capital Limited,177390000,Pingmei Shenma International Investment Limited; Hong Kong Chuangli Yingtai Investment Limited; Hong Kong Jinyuan Industry and Trade Limited; Degao Mining Technology Limited,done
9609,"Hebei Haiwei Electronic New Material Technology Co., Ltd.- H shares",28/11/2025,China International Capital Corporation Hong Kong Securities Limited,531424488,Horizon Splendor Limited,done
2685,Quantgroup Holding Limited,27/11/2025,China International Capital Corporation Hong Kong Securities Limited / CITIC Securities (Hong Kong) Limited,147955500,none,done
2788,Chuangxin Industries Holdings Limited,24/11/2025,China International Capital Corporation Hong Kong Securities Limited / Huatai Financial Holdings (Hong Kong) Limited,6319250000,"HHLR Advisors, Ltd.; China Hongqiao Group Limited; Taikang Life Insurance Co., Ltd.; Glencore International AG; Mercuria Holdings (Singapore) Pte. Ltd.; Greenwoods Asset Management Hong Kong Limited; Shanghai Greenwoods Asset Management Co., Ltd. and CICC Financial Trading Limited; TURQUOISE HIME, L.P.; Investcorp Verdant Holdings Limited; CPIC Investment Management (H.K.) Company Limited; GF Management Co., Ltd. and GF International Investment Management Limited; Fullgoal Asset Management (HK) Limited and Fullgoal Fund Management Co., Ltd.; Integrated Core Strategies (Asia) Pte. Ltd.; Jane Street Asia Trading Limited; Polymer Capital Management (HK) Limited; Pointer Investment (H.K.) Ltd.; Brilliant Partners Fund LP and China Core Fund; Cephei Capital Management (Hong Kong) Limited",done
2579,"CNGR Advanced Material Co., Ltd. - H shares",17/11/2025,Morgan Stanley Asia Limited / Huatai Financial Holdings (Hong Kong) Limited,3543663600,"Guizhou New Industrialization Development Equity Investment Fund Partnership (Limited Partnership); Pointer Investment (Hong Kong) Limited; CALB Group Co., Ltd.; Dongsheng Pulead Technology and Guotai Junan Investments (Hong Kong) Limited (in connection with Dongsheng Pulead OTC Swaps); NR 1 SP; Shanghai Gaoyi and Huatai Capital Investment Limited (in connection with Gaoyi OTC Swaps); Hunan Xingxiang Emerging Industry Investment Fund Partnership (Limited Partnership); Lens International (HK) Limited; Sunwoda Treasury Hong Kong) Limited",done
2698,Softcare Limited,10/11/2025,China International Capital Corporation Hong Kong Securities Limited / CITIC Securities (Hong Kong) Limited / GF Capital (Hong Kong) Limited,2738334920,"BA Sprout Limited; BA HM Limited; Arc Avenue Asset Management Pte. Ltd.; Arcane Nexus Limited; Beijing Shunao Business Information Consulting Partnership (Limited Partnership) (北京順澳商務信息諮詢合夥企業 (有限合夥)); CDH Emerging Markets Fund II, L.P.; HCEP Master Fund and HCEP Long Only Master Fund; NewTrails Capital L.P.; NEWTRAILS FOREST L.P.; China Southern Asset Management Co., Ltd. (南方基金管理股份有限公司); Fullgoal Fund Management Co., Ltd. (富國基金管理有限公司); Fullgoal Asset Management (HK) Limited; E Fund Management Co., Ltd. (易方達基金管理有限公司); E Fund Management (Hong Kong) Co., Ltd. (易方達資產管理(香港)有限公司); Charisma Mega Limited; TruMed Healthcare Master Fund; TruMed Health Innovation Fund LP; Qihui Runjin (Qingdao) Private Equity Investment Fund Partnership (Limited Partnership) (啟匯潤金 (青島)私募股權投資基金合夥企業(有限合夥)); China Asset Management (Hong Kong) Limited; Jane Street Asia Trading Limited",done
2026,Pony AI Inc. - W,06/11/2025,Goldman Sachs (Asia) L.L.C. / Merrill Lynch (Asia Pacific) Limited / Deutsche Securities Asia Limited / Huatai Financial Holdings (Hong Kong) Limited,6706611000,Eastspring Investments (Singapore) Limited; Ghisallo Fund Master Ltd; Athos Capital Limited; Hel Ved Master Fund; Ocean Arete Limited,done
699,NINGBO JOYSON ELECTRONIC CORP.- H shares,06/11/2025,China International Capital Corporation Hong Kong Securities Limited / UBS Securities Hong Kong Limited,3412200000,"Jun Sheng SP; Ningbo Xinzhi Industrial Investment Co., Ltd.; Jump Trading Pacific Pte. Ltd.; Eastern Bell Capital VIII Investment Limited; PSBC Wealth Management Co., Ltd.; Vandi Investments Limited; Fidelidade – Companhia de Seguros, S.A.",done
800,WeRide Inc. - W,06/11/2025,China International Capital Corporation / Morgan Stanley Asia Limited,2391575000,none,done
2630,"Vigonvita Life Sciences Co., Ltd. - B - H shares",06/11/2025,CITIC Securities (Hong Kong) Limited,587238586,none,done
9927,"Seres Group Co., Ltd. - H shares",05/11/2025,"China International Capital Corporation / China Galaxy International Securities (Hong Kong) Co., Limited",14283398500,"Chongqing Industrial Investment Parent Fund Enterprise Partnership (L.P.); Shenzhen Lin Yuan Investment Management Co., Ltd.; Huatai Capital Investment Limited; GF Fund Management Co., Ltd.; GF International Investment Management Limited; New China Asset Management (Hong Kong) Limited; BESS Broadway Limited; Sanhua (Hong Kong) Co Limited; Zhongsheng Holdings Company Limited; Zhink International Pte. Ltd.; Gold Wings Holdings Limited; Honour Goal Investments Limited; Hichain Logistics (Hong Kong) Limited; Schroder Investment Management (Singapore) Ltd; Schroder Investment Management (Hong Kong) Limited; Mirae Asset Securities Co., Ltd.; New Alternative Limited; PSBC Wealth Management Co., Ltd.; Skyler International Co., Ltd; Xingyu Automotive Lighting (Hong Kong) Company Limited; China MeiDong Auto Holdings Limited; Ghisallo Fund Master Ltd.; Jump Trading Pacific Pte. Ltd.; Jain Global Master Fund Ltd; China Alpha Fund Management (HK) Limited",done
2718,Mininglamp Technology - W,03/11/2025,China International Capital Corporation Hong Kong Securities Limited,1170553800,Huang River Investment Limited; Ms. Minfang Guo; Treasure-stone Investment Group Limited; Ms. Lina Bao; Hundreds Capital; GFH Financial Group B.S.C.; QuantumPharm Limited,done
9876,Ocean One Holding Ltd.,03/11/2025,,0,,error: No allotment announcement link found on HKEXnews.
6031,"SANY HEAVY INDUSTRY CO., LTD. - H shares",28/10/2025,CITIC Securities (Hong Kong) Limited,15349086720,"Aranda Investments Pte. Ltd.; Infore Funds Series 2 Open-ended Fund Company – Infore Technology Fund 2; HHLR Advisors, Ltd.; UBS Asset Management (Singapore) Ltd.; LMR Multi-Strategy Master Fund Limited; BlackRock Funds; RBC Global Asset Management (Asia) Limited; WT Asset Management Limited; Oaktree Capital Management, L.P.; Foresight Global Superior Choice SPC – Global Superior Choice Series Fund 1 SP and Foresight Global Superior Choice SPC – Vision Fund 1 SP; Shanghai Gaoyi and CITIC Securities International Capital Management Limited; Perseverance Asset Management International (Singapore) Pte. Ltd.; Greenwoods Asset Management Hong Kong Limited; Pinpoint Asset Management Limited; Shanghai Pinpoint and CICC Financial Trading Limited; Ghisallo Fund Master Ltd.; Jane Street Asia Trading Limited; FengHe Asia Fund Ltd.; Qube Master Fund Ltd; Weichai Power Hong Kong International Development Co., Ltd.; Dajia Life Insurance Co., Ltd.; Shaanxi Fast Auto Drive Group Co., Ltd.; Value Partners Hong Kong Limited and Value Partners Limited",done
6166,"CIG SHANGHAI CO., LTD. - H shares",28/10/2025,Guotai Junan Capital Limited,5308030560,"Baring Asset Management (Asia) Limited; Morgan Stanley & Co. International plc; HCEP Management Limited; Arc Avenue Asset Management Pte. Ltd.; CloudAlpha Capital Management Limited; Turing International Limited; Cithara Global Multi-Strategy SPC – Bosideng Industry Investment Fund SP; 3W Fund Management Limited; Schonfeld Strategic Advisors (Hong Kong) Limited; Infini Global Master Fund; Alpine Investment Management Limited; Dymon Asia Multi-Strategy Investment Master Fund; Aqua Ocean Limited; Martis Fund, L.P.; Taikang Life Insurance Co., Ltd; ICBC Wealth Management Co., Ltd.",done
1384,"Deepexi Technology Co., Ltd. - H shares",28/10/2025,CITIC Securities (Hong Kong) Limited / CMBC International Capital Limited / Guotai Junan Capital Limited / SPDB International Capital Limited / BOCOM International (Asia) Limited,710009120,none,done
6980,"Bama Tea Co., Ltd. - H shares",28/10/2025,Huatai Financial Holdings (Hong Kong) Limited / ABCI Capital Limited / TFI Capital Limited,450000000,none,done
638,Fibocom Wireless Inc. - H shares,22/10/2025,CITIC Securities (Hong Kong) Limited,2904224300,Qindao Gantong; Pacific Asset Management; CPIC; GF Fund Management; GF International; Ruihua Investment; Genimous Investment; Mr. Zhang Xiaolei; GTINV; Dream ’ee HK Fund,done
6687,JST Group Corporation Limited,21/10/2025,China International Capital Corporation Hong Kong Securities Limited / J.P. Morgan Securities (Far East) Limited,2398767660,"Blue Lake Capital Opportunity Fund I, L.P.; China Universal Asset Management Co., Ltd; China Universal Asset Management (Hong Kong) Company Limited; Dymon Asia Multi-Strategy Investment Master Fund; Fourier Capital Management Limited; GRANITE ASIA VIII INVESTMENTS PTE. LTD.; Greenwoods Asset Management Hong Kong Limited; GTCS Holdings Limited; HSG Growth VI Holdco F, Ltd.; Jain Global Master Fund Ltd; Perseverance Asset Management International (Singapore) Pte. Ltd.; Stoneylake Global Alpha Fund; WT Asset Management Limited; 3W Fund Management Limited",done
2637,"Fujian Haixi Pharmaceuticals Co., Ltd. - H shares",20/10/2025,Huatai Financial Holdings (Hong Kong) Limited / CMB International Capital Limited,993600000,HARVEST INTERNATIONAL PREMIUM VALUE FUND SPC ACTING ON BEHALF OF AND FOR THE ACCOUNT OF HARVEST ORIENTAL SP,done
2670,"Beijing Yunji Technology Co., Ltd. - H shares",16/10/2025,CITIC Securities (Hong Kong) Limited / CCB International Capital Limited,758586000,none,done
2575,"Xuanzhu Biopharmaceutical Co., Ltd. - B - H shares",15/10/2025,China International Capital Corporation Hong Kong Securities Limited,781068600,Beijing Denov Ruilang Phase XV Equity Investment Fund Center,done
2650,"Shanghai Zhida Technology Development Co., Ltd. - H shares",10/10/2025,Shenwan Hongyuan Capital (H.K.) Limited,400107988,none,done
2652,"CF PharmTech, Inc. - H shares",08/10/2025,CITIC Securities (Hong Kong) Limited / CMB International Capital Limited,607670500,none,done
2259,Zijin Gold International Company Limited,30/09/2025,Morgan Stanley Asia Limited / CITIC Securities (Hong Kong) Limited,28731880487,"GIC Private Limited; HHLR Advisors, Ltd.; BlackRock Funds; Schroder Investment Management Limited; Schroder Investment Management (Singapore) Ltd; Schroder Investment Management (Hong Kong) Limited; Perseverance Asset Management International (Singapore) Pte. Ltd.; Shanghai Gaoyi Asset Management Partnership (Limited Partnership); CITIC Securities International; Capital Management Limited; FIL Investment Management (Hong Kong) Limited; Shanghai Greenwoods Asset Management Co., Ltd; Greenwoods Asset Management Hong Kong Limited; Baillie Gifford Overseas Limited; Baillie Gifford & Co; Pacific Asset Management Co., Limited; CPIC Investment Management (H.K.) Company Limited; Taikang Life Insurance Co., Ltd; China Universal Asset Management Company Limited; China Universal Asset Management (Hong Kong) Company Limited; UBS Asset Management (Singapore) Ltd.; GF International Investment Management Limited; Dao Yi Capital Limited; New Golden Future Limited; RBC Global Asset Management (Asia) Limited; Invesco Hong Kong Limited; CPE River Investment Limited; Oaktree Capital Management, L.P.; Mirae Asset Securities Co., Ltd.; Mirae Asset Global Investments Co., Ltd.; Mirae Asset Securities (HK) Ltd.; Fullgoal Asset Management (HK) Limited; Fullgoal Fund Management Co., Ltd.; IDG Breyer Capital Fund L.P.; Arc Avenue Asset Management Pte. Ltd.; Greater Bay Area Homeland Investments Limited; Millennium Capital Management (Singapore) Pte. Ltd.; Globe Asia Investments Limited; Sparky International Company Limited",done
2889,PATEO CONNECT Technology (Shanghai) Corporation - H shares,30/09/2025,China International Capital Corporation Hong Kong Securities Limited / Guotai Junan Capital Limited / CMB International Capital Limited / Huatai Financial Holdings (Hong Kong) Limited / CITIC Securities (Hong Kong) Limited,1066964287,Horizon Together Holding Ltd.; JSC International Investment Fund SPC (acting for and on behalf of Huangshan SP); Smart Ventures Limited,done
2583,"Shenzhen Hiphine Precision Technology Co., Ltd. - H shares",30/09/2025,Ping An of China Capital (Hong Kong) Company Limited,313760000,none,done
9973,"Chery Automobile Co., Ltd. - H shares",25/09/2025,China International Capital Corporation Hong Kong Securities Limited / Huatai Financial Holdings (Hong Kong) Limited / GF Capital (Hong Kong) Limited,10417266675,"JSC International Investment Fund SPC (acting for and on behalf of ShanRui SP); HHLR Advisors, Ltd.; Shanghai Greenwoods Asset Management Co., Ltd and CICC Financial Trading Limited (in connection with Greenwoods OTC Swaps); Greenwoods Asset Management Hong Kong Limited; Huangshan Construction Investment (Hong Kong) International Limited; Jinghui Ruiying (Hong Kong) Limited; Horizon Together Holding Ltd.; Dajia Life Insurance Co., Ltd.; Martis Fund, L.P.; GOTION HIGH-TECH (HK) LIMITED; Hefei Jianhui Zhanxin Cornerstone Investment Company Limited; PSBC Wealth Management Co., Ltd (through GF Securities Asset Management (Guangdong) Co., Ltd as the qualified domestic institutional investor); Xingyu Automotive Lighting (Hong Kong) Company Limited",done
6090,BUTONG GROUP,23/09/2025,CITIC Securities (Hong Kong) Limited / Haitong International Capital Limited,781840080,"Cithara Global Multi-Strategy SPC - Bosideng Industry Investment Fund SP; Shanghai Tongyi Investment Management Co., Ltd. and Huatai Capital Investment Limited; Great Praise Investment SPC - Selected AI Fund SP",done
2595,GenFleet Therapeutics (Shanghai) Inc - B - H shares,19/09/2025,CITIC Securities (Hong Kong) Limited,2092544140,"RTW Master Fund, Ltd.; RTW Innovation Master Fund, Ltd.; RTW Biotech Opportunities Operating Ltd.; TruMed Health Innovation Fund LP; TruMed Healthcare Master Fund; OrbiMed Genesis Master Fund, L.P.; OrbiMed Partners Master Fund Limited; The Biotech Growth Trust PLC; UBS Asset Management (Singapore) Ltd.; Vivo Opportunity Fund Holdings, L.P.; Vivo Opportunity Caymen Fund, L.P.; China Universal Asset Management (Hong Kong) Company Limited; China Universal Asset Management Company Limited; Fullgoal Fund Management Co., Ltd.; Fullgoal Asset Management (HK) Limited; CITIC Securities International Capital Management Limited; LBC HK Opportunity Fund; Lake Bleu Prime Healthcare Fund; Lake Bleu Innovation Fund",done
2656,160 Health International Limited,17/09/2025,Shenwan Hongyuan Capital (H.K.) Limited / Zero2IPO Capital Limited,400044995,none,done
2525,Hesai Group - W,16/09/2025,China International Capital Corporation Hong Kong Securities Limited / Guotai Junan Capital Limited / CMB International Capital Limited,4784276000,"HHLR Advisors, Ltd.; Taikang Life Insurance Co., Ltd; WT Asset Management Limited; Grab Inc.; Hongda Group (Hong Kong) Co., Limited; Commando Global Fund",done
2543,"DAHON TECH (SHENZHEN) CO., LTD. - H shares",09/09/2025,China Securities (International) Corporate Finance Company Limited,447529500,"Allianz Global Investors Asia Pacific Limited; Greater Bay Area Development Fund Management Limited for and on behalf of the Managed Account of Mega Prime Development Limited; Harvest International Premium Value (Secondary Market) Fund SPC acting on behalf of and for the account of Harvest Oriental SP; VEKEN (HONGKONG) ECONOMIC AND TRADE CO., LIMITED",done
2580,"AUX ELECTRIC CO., LTD.",02/09/2025,China International Capital Corporation Hong Kong Securities Limited,4150057184,"China Post Life Insurance Company Limited; PSBC Wealth Management Co., Ltd.; China Post Insurance and PBOC WM; Valin Group Hongkong International Trade Co., Limited; Tibet Longrising Asset Management Co., Ltd. and CICC Financial Trading Limited (in connection with Tibet Longrising OTC Swaps); Shenzhen Yongxin Industrial Investment Partnership Enterprise (Limited Partnership) and Guotai Junan Investments (Hong Kong) Limited (in connection with Shenzhen Yongxin OTC Swaps)",done
3858,Jiaxin International Resources Investment Limited,28/08/2025,China International Capital Corporation Hong Kong Securities Limited,1378977600,"CHINA CINDA ASSET MANAGEMENT CO., LIMITED; LUYIN TRADING PTE. LTD.; GF Fund Management Co., Ltd.; GF International Investment Management Limited; Fullgoal Asset Management Limited; Fullgoal Fund Management Co., Ltd.; Zhengxin Group Investment Limited",done
6960,"SHUANGDENG GROUP CO., LTD. - H shares",26/08/2025,China International Capital Corporation Hong Kong Securities Limited / Huatai Financial Holdings (Hong Kong) Limited / CCB International Capital Limited,977110655,"Huatai Securities Co., Ltd.",done
2631,"SICC CO., LTD. - H shares",20/08/2025,China International Capital Corporation Hong Kong Securities Limited / CITIC Securities (Hong Kong) Limited,2350041000,"SDG Asset Management (HK) Limited; H&T Intelligent Control International Co., Limited; Mr. Lan Kun; Mirae Asset Securities (HK) Limited",done
2591,"Guangzhou Innogen Pharmaceutical Group Co., Ltd. - B - H shares",15/08/2025,CITIC Securities (Hong Kong) Limited / China International Capital Corporation Hong Kong Securities Limited,682873552,June Star Global Limited; Ginkgo Capital Global Fund SPC-XtalPi AI Fund SP; Marketingforce Management Ltd; DENG Haifeng; LI Huifeng,done
2627,"Ab&B Bio-Tech CO., LTD. JS - B - H shares",11/08/2025,CITIC Securities (Hong Kong) Limited / CMB International Capital Limited,431409540,Jiaxing Xinyang; Huatai Capital Investment Limited,done
6887,"Sunshine Lake Pharma Co., Ltd. - H shares",07/08/2025,China International Capital Corporation Hong Kong Securities Limited,0,,error: No allotment announcement link found on HKEXnews.
9887,"Nanjing Leads Biolabs Co., Ltd. - B - H shares",25/07/2025,Morgan Stanley Asia Limited / CITIC Securities (Hong Kong) Limited,1483713000,"Loyal Valley Capital Advantage Fund III LP; Golden Valley Global Limited; Golden Valley Value Select Master Fund; Shanghai Gaoyi Asset Management Partnership (Limited Partnership); Huatai Capital Investment Limited; Perseverance Asset Management International (Singapore) Pte. Ltd.; TruMed Healthcare Master Fund; TruMed Health Innovation Fund LP; OrbiMed Genesis Master Fund, L.P.; The Biotech Growth Trust PLC; Huang River Investment Limited; E Fund Management Co., Ltd.; E Fund Management (Hong Kong) Co., Ltd.; FORESIGHT GLOBAL SUPERIOR CHOICE SPC – GLOBAL SUPERIOR CHOICE FUND 1 SP; Foresight Global Superior Choice SPC – Vision Fund 1 SP; Sage Partners Master Fund; Hankang Biotech Fund III, L.P.; Splendid Biotech Fund L.P.",done
6613,"Lens Technology Co., Ltd. - H shares",09/07/2025,CITIC Securities (Hong Kong) Limited,5483000736,"Green Better Limited; Olympic Country Company Limited; UBS Asset Management (Singapore) Ltd.; Oaktree Capital Management, L.P.; LMR Multi-Strategy Master Fund Limited; Redwood Elite Limited; QRT Master Fund SPC; Poly Platinum Enterprise Limited; Infini Global Master Fund; Verition Multi-Strategy Master Fund Ltd.",done
2590,"Beijing Geekplus Technology Co., Ltd. - W - H shares",09/07/2025,Morgan Stanley Asia Limited / China International Capital Corporation Hong Kong Securities Limited,2991670080,Xiongan Intelligent Robot Limited; Arc Avenue Asset Management Pte. Ltd.; Eastspring Investments (Singapore) Limited; Etarget Limited,done
1304,"Fortior Technology (Shenzhen) Co., Ltd.- H shares",09/07/2025,China International Capital Corporation Hong Kong Securities Limited,2597498000,Taikang Life; Pinpoint; 3W Fund; Wind Sabre; ChinaAMC (HK); Mega Prime; Sanhua International Singapore; Fourier Capital; Torus; Intac,done
2597,"Beijing Xunzhong Communication Technology Co., Ltd. - H shares",09/07/2025,DBS Asia Capital Limited,412462000,Hong Kong Zhihan Investment Limited; Tongzhou International Development Limited,done
2651,"Wuhan Dazhong Dental Medical Co., Ltd. - H shares",09/07/2025,Haitong International Capital Limited,217236000,none,done
1828,FWD Group Holdings Limited,07/07/2025,Morgan Stanley Asia Limited / Goldman Sachs (Asia) L.L.C.,3661053000,"MC Management; RSC Ltd; T&D United Capital Co., Ltd.",done
2648,"Anjoy Foods Group Co., Ltd. - H shares",04/07/2025,Goldman Sachs (Asia) L.L.C. / China International Capital Corporation Hong Kong Securities Limited,2399682000,"Shanghai Greenwoods Asset Management Co., Ltd.; Huatai Capital Investment Limited; Greenwoods Asset Management Hong Kong Limited; HT Investment Limited; QRT Master Fund SPC and its segregated portfolio Torus Fund SP, which is managed by Qube Research & Technologies Hong Kong Limited and certain affiliates of QRT HK; FCP Domains Co., Ltd.; NonaVerse (Hong Kong) Limited",done
2592,Cloudbreak Pharma Inc. - B,03/07/2025,CCB International Capital Limited / Huatai Financial Holdings (Hong Kong) Limited,611878200,Wealth Strategy Holding Limited; The Reynold Lemkins Group (Asia) Limited,done
6603,IFBH Limited,30/06/2025,CITIC Securities (Hong Kong) Limited,1332087040,"UBS Asset Management (Singapore) Ltd.; Black Dragon AP SPV1; Enreal China Master Fund and Forreal China Value Fund; HCEP Master Fund and HCEP Long Only Master Fund; China Southern Asset Management Co., Ltd.; GF International Investment Management Limited; Harvest Oriental SP; ICBC Wealth Management Co., Ltd.; Jain Global Master Fund Ltd; Jane Street Asia Trading Limited; Mega Prime Development Limited",done
3880,Medtide Inc. - H shares,30/06/2025,Morgan Stanley Asia Limited / CITIC Securities (Hong Kong) Limited,514080000,Dragon Merit Holdings Limited; Welight Capital L.P.,done
9678,"Unisound AI Technology Co., Ltd. - H shares",30/06/2025,China International Capital Corporation Hong Kong Securities Limited / Haitong International Capital Limited,367999600,SensePower; Nebula; Runjian International,done
6168,"Zhou Liu Fu Jewellery Co., Ltd. - H shares",26/06/2025,China International Capital Corporation Hong Kong Securities Limited / China Securities (International) Corporate Finance Company Limited,1485684000,"Yongcheng No. 2 Hong Kong Limited; Jump Trading Pacific Pte. Ltd.; Shenzhen Luohu Investment Holding Co., Ltd.; Pimlico Family Office Limited; Seraphim Advantage Inc.; CICC Financial Trading Limited; Lingbao Gold International Company Limited; GF Fund Management Co., Ltd.",done
6883,Eternal Beauty Holdings Limited,26/06/2025,BNP Paribas Securities (Asia) Limited / CITIC Securities (Hong Kong) Limited,960192000,none,done
2508,SAINT BELLA Inc.,26/06/2025,UBS Securities Hong Kong Limited / CITIC Securities (Hong Kong) Limited,804052970,GIMM Holding Limited; China Asset Management (Hong Kong) Limited; JKKB Limited; Carl Wu / 吳啟楠; SS Morgan Capital Limited; Minwise Business Consulting Limited; Wang Qianqing / 汪牽擎,done
2643,CaoCao Inc.,25/06/2025,Huatai Financial Holdings (Hong Kong) Limited / ABCI Capital Limited / GF Capital (Hong Kong) Limited,1852850484,"Mercedes-Benz Mobility Services GmbH; Mirae Asset Securities Ltd.; Infini Global Master Fund; GOTION HIGH-TECH LIMITED; EVE Asia Co., Limited; RoboSense HongKong Limited",done
2619,"X.J. Electrics (Hu Bei) Co., Ltd - H Shares",25/06/2025,Sinolink Securities (Hong Kong) Company Limited,195109200,"Hubei Shunjie Investment (Hong Kong) Co., Limited; Hong Kong Xinghuang Holdings Limited; Hong Kong Yunxing Technology Trade Management Co., Limited",done
2050,"Zhejiang Sanhua Intelligent Controls Co., Ltd. - H shares",23/06/2025,China International Capital Corporation Hong Kong Securities Limited / Huatai Financial Holdings (Hong Kong) Limited,10736365092,"Schroder Investment Management Limited; Schroder Investment Management (Singapore) Ltd; Schroder Investment Management (Hong Kong) Limited; GIC Private Limited; Greenwoods Asset Management Hong Kong Limited; Shanghai Greenwoods Asset Management Co., Ltd; Huatai Capital Investment Limited; Green Better Limited; Verition Multi-Strategy Master Fund Ltd.; Eastern Bell Capital VIII Investment Limited; Mirae Asset Securities Co., Ltd; ICBC Wealth Management Co., Ltd.; PSBC Wealth Management Co., Ltd.; GF Securities Asset Management (Guangdong) Co., Ltd; Taikang Life Insurance Co., Ltd; Mega Prime Development Limited; Wind Sabre Fund SPC on behalf of Wind Sabre Opportunities Fund SP; Martis Fund, L.P.; Morgan Stanley & Co. International plc; Jane Street Asia Trading Limited; 3W Fund Management Limited",done
2609,Bayzed Health Group Inc,23/06/2025,CMB International Capital Limited,561706476,Harvest International Premium Value Fund SPC acting on behalf of and for the account of Harvest Oriental SP,done
2617,"TransThera Sciences (Nanjing), Inc. - B - H shares",23/06/2025,CITIC Securities (Hong Kong) Limited / Huatai Financial Holdings (Hong Kong) Limited,200945150,"Jiangbei Pharmaceutical Technology (Hong Kong) Limited; Sinohsc Honest Limited; Pharmablock Horizon Capital Limited; Kelingan (Hong Kong) Technology Co., Limited; AKESO,INC.",done
3288,Foshan Haitian Flavouring and Food Company Ltd. - H shares,19/06/2025,China International Capital Corporation Hong Kong Securities Limited / Goldman Sachs (Asia) L.L.C. / Morgan Stanley Asia Limited,10571445720,"HHLR Advisors, Ltd.; GIC Private Limited; RBC Global Asset Management (Asia) Limited; China Pinnacle Equity Management Limited; UBS Asset Management (Singapore) Ltd.; Supercluster Universe Limited; HSG Growth VII Holdco, Ltd.; Foshan Development Co., Ltd.",done
2605,MetaLight Inc.,10/06/2025,China International Capital Corporation Hong Kong Securities Limited,242346000,none,done
2573,"Newtrend Group Holding Co., Ltd. - H shares",10/06/2025,CMBC International Capital Limited,200064060,"He Win Hong Kong Holdings Co., Limited; The Reynold Lemkins Group (Asia) Limited",done
9881,"Rongta Technology (Xiamen) Group Co., Ltd. - H shares",10/06/2025,Yue Xiu Capital Limited,184000000,"Hongkong Linktech Technology Co., Limited; Cao Ke; Lin Xiaojian; Sinos Group Limited; Li Shuhan; Main Achieve Holdings Limited; Ng Chi Fat",done
2621,Shouhui Group Ltd.,30/05/2025,China International Capital Corporation Hong Kong Securities Limited / Huatai Financial Holdings (Hong Kong) Limited,196815872,"HiTai (Hong Kong) Limited; Taller industrial Co., Limited",done
2603,"Xiamen Jihong Co., Ltd - H shares",27/05/2025,China International Capital Corporation Hong Kong Securities Limited / CMB International Capital Limited,521548800,Timber Kangaroo Capital Limited; Yulong International Capital Limited; Ms. Shen Zhenyu,done
2565,"PegBio Co., Ltd. - B - H shares",27/05/2025,China International Capital Corporation Hong Kong Securities Limited,300822600,Yizekangrui Medical Limited,done
1276,"Jiangsu Hengrui Pharmaceuticals Co., Ltd. - H shares",23/05/2025,Morgan Stanley Asia Limited / Citigroup Global Markets Asia Limited / Huatai Financial Holdings (Hong Kong),11373604280,"GIC Private Limited; Invesco Advisers, Inc.; UBS Asset Management (Singapore) Ltd.; Cordial Solar Limited; HHLR CF, L.P.; Integrated Core Strategies (Asia) Pte. Ltd.; Oaktree Capital Management, L.P.",done
2629,Mirxes Holding Company Limited - B,23/05/2025,China International Capital Corporation Hong Kong Securities Limited / CCB International Capital Limited,1086246000,Beijing Xunrui Enterprise Management Partnership (Limited Partnership); Evergreen Gate Limited,done
3750,"Contemporary Amperex Technology Co., Limited - H shares",20/05/2025,China International Capital Corporation Hong Kong Securities Limited / China Securities (International) Corporate Finance Company Limited / J.P. Morgan Securities (Far East) Limited / Merrill Lynch (Asia Pacific) Limited,41005723900,"Sinopec (Hong Kong) Limited; Kuwait Investment Authority; HHLR CF, L.P.; Shanghai Gaoyi Asset Management Partnership (Limited Partnership); CICC Financial Trading Limited; Perseverance Asset Management International (Singapore) Pte. Ltd.; Zenith Hop International Limited; Abstract Enigma Limited; Shanghai Greenwoods Asset Management Co., Ltd; Greenwoods Asset Management Hong Kong Limited; Pinpoint Asset Management Limited; UBS Asset Management (Singapore) Limited; WT Asset Management Limited; CPE Redwood Investment Limited; Oaktree Capital Management, L.P.; MX Bright Charm (BVI) Limited; Mirae Asset Securities Co., Ltd; Mirae Asset Global Investments Co., Ltd.; RBC Global Asset Management (Asia) Limited; Pacific Asset Management Co., Limited; CPIC Investment Management (H.K.) Company Limited; LMR Multi-Strategy Master Fund Limited; Luoyang Science Technology Innovate Group, Ltd; PSBC Wealth Management Co., Ltd.; Taikang Life Insurance Co., Ltd.; Lingotto Innovation Master Fund",done
6831,Green Tea Group Limited,16/05/2025,Citigroup Global Markets Asia Limited / CMB International Capital Limited,1210537160,"Wuxi Zixian Food Co., Ltd.; Anji Liangshan Rural Revitalization Equity Investment Partnership (Limited Partnership); Action Chain International Limited; Chia Tai Food Investment Company Limited; Sino Top Trading Limited; Wuxi Hexiang Food Co., Ltd.; Wuxi Lvlian Food Co., Ltd.; Wuxi Qinyu Food Co., Ltd.",done
2865,"Hainan Drinda New Energy Technology Co., Ltd. - H shares",08/05/2025,Huatai Financial Holdings (Hong Kong) Limited / CMB International Capital Limited / Deutsche Securities Asia Limited,1405025445,"Modern Direct Investment New Energy Technology Co., Limited; Zhuhai Gokin New Energy Investment Co., Ltd",done
2589,"Auntea Jenny (Shanghai) Industrial Co., Ltd. - H shares",08/05/2025,CITIC Securities (Hong Kong) Limited / Haitong International Capital Limited / Orient Capital (Hong Kong) Limited,313684022,Infore Holding (Hong Kong) Limited; Sino Top Trading Limited,done
1333,"Breton Technology Co., Ltd.- H shares",07/05/2025,China International Capital Corporation Hong Kong Securities Limited / CMB International Capital Limited,234000000,"Hong Kong Xinwei Electronic Co., Limited; Changfeng Growth Equity Fund OFC",done
9606,"Duality Biotherapeutics, Inc. - B",15/04/2025,Morgan Stanley Asia Limited / Jefferies Hong Kong Limited / CITIC Securities (Hong Kong) Limited,1885576660,"BioNTech SE; LAV Star Opportunities Limited; Lake Bleu Prime Healthcare Master Fund Limited; Lake Bleu Innovation Healthcare Master Fund Limited; TruMed Healthcare Master Fund, ABS Direct Equity Fund LLC Asia Series 11 and TruMed Health Innovation Fund LP; Fullgoal Fund Management Co., Ltd.; Fullgoal Asset Management (HK) Limited; E Fund Management Co., Ltd.; E Fund Management (Hong Kong) Co., Ltd.; China Universal Asset Management Co., Ltd.; Panjing Harbourview Investment Fund; MY Asian Opportunities Master Fund, L.P.; Emerging Markets Healthcare Partners LLC; Worldwide Healthcare Partners LLC; Suzhou Suchuang Biomedical Health Venture Capital Fund Partnership",done
3677,"Jiangsu Zenergy Battery Technologies Group Co., Ltd.- H shares",14/04/2025,China International Capital Corporation Hong Kong Securities Limited / CMB International Capital Limited,1005000999,Jiangsu Mixed Ownership Reform Fund; Suzhou High-end Equipment Fund; Southeast Investment Holding,done
2625,Jiangsu Horizon Chain Supermarket Company Limited - H shares,31/03/2025,Red Solar Capital Limited,133905000,Top Legend SPC for and on behalf of Ocean One SP,done
2569,Soft International Group Ltd,27/03/2025,Sunny Fortune Capital Limited,127500000,none,done
2610,Nanshan Aluminium International Holdings Limited,25/03/2025,Huatai Financial Holdings (Hong Kong) Limited,2378976320,"Glencore International AG; Hongkong Topway Trading Co., Limited; Reijong International Industrial Equipment Limited; PT Indika Energy Tbk.",done
2561,VISEN Pharmaceuticals -B,21/03/2025,Morgan Stanley Asia Limited / Jefferies Hong Kong Limited,783288000,"AnkeBio (HongKong) Co., Limited; Suzhou Harvest International Co., Limited; Vivo Plenilune IX Limited; WuXi Biologics HealthCare Venture; Reynold Lemkins Group (Asia) Limited",done
6693,"Chifeng Jilong Gold Mining Co., Ltd. - H shares",10/03/2025,CITIC Securities (Hong Kong) Limited,3244777256,Gold Mountains International Mining Company Limited; Sparky International Company Limited; CITIC Securities International Capital Management Limited,done
6676,ZG Group - W,10/03/2025,CMB International Capital Limited / HSBC Corporate Finance (Hong Kong) Limited / UBS Securities Hong Kong Limited,0,,error: No allotment announcement link found on HKEXnews.
2097,MIXUE Group - H shares,03/03/2025,Merrill Lynch (Asia Pacific) Limited / Goldman Sachs (Asia) L.L.C. / UBS Securities Hong Kong Limited,3972807000,"M&G Investments; HSG Growth VI Holdco F, Ltd.; Persistence Growth Limited; HHLR Fund, L.P.; Long-Z Fund I, LP",done
9893,Pizu Group Holdings Ltd.,18/02/2025,,0,,error: No allotment announcement link found on HKEXnews.
1364,Guming Holdings Limited,12/02/2025,Goldman Sachs (Asia) L.L.C. / UBS Securities Hong Kong Limited,2030471632,"Huang River Investment Limited; GM Charm Yield Limited; LVC; Golden Valley Global Limited; Golden Valley Value Select Master Fund; Long-Z Fund I, LP; Duckling Fund, L.P.",done
2571,"Beijing Saimo Technology Co., Ltd. - H shares",15/01/2025,CEB International Capital Corporation Limited,433000866,China Mobile International Holdings Limited,done
2596,"Yibin City Commercial Bank Co., Ltd - H Shares",13/01/2025,CCB International Capital Limited / ICBC International Capital Limited,1782956000,none,done
805,New Gonow Recreational Vehicles Inc.,13/01/2025,Huatai Financial Holdings (Hong Kong) Limited,304800000,none,done
325,Bloks Group Limited,10/01/2025,Goldman Sachs (Asia) L.L.C. / Huatai Financial Holdings (Hong Kong) Limited,1925104650,"Greenwoods Asset Management Hong Kong Limited; UBS Asset Management (Singapore) Ltd.; Fullgoal Fund Management Co., Ltd.; Fullgoal Asset Management (HK) Limited",done
2530,Numans Health Food Holdings Company Limited,10/01/2025,"Caitong International Capital Co., Limited",200000000,none,done
2560,"Anhui Conch Material Technology Co., Ltd. - H shares",09/01/2025,China Securities (International) Corporate Finance Company Limited,434922000,"Gotion High-tech Co., Ltd.; Anhui Shengchang Chemical Co., Ltd.; Wuhu Artec Biotechnology Co., Ltd.; SCGC Capital Holding Company Limited; Guangdong Zongxing Technology Co., Ltd.; Shenzhen Gaodeng Computer Technology Co., Ltd.",done
2613,"ContiOcean Environment Tech Group Co., Ltd. - H shares",09/01/2025,"CITIC Securities (Hong Kong) Limited / China Galaxy International Securities (Hong Kong) Co., Limited",318000000,"Mr. Shu Wa Tung, Laurence; Harvest International Premium Value Fund SPC on behalf of Harvest Oriental SP",done
6681,BrainAurora Medical Technology Limited - B,08/01/2025,China International Capital Corporation Hong Kong Securities Limited / SPDB International Capital Limited,583180640,Tasly (Hong Kong) Pharmaceutical Investment Limited; Tasly (International) Healthcare Investment & Development Enterprise Management Partnership (Limited Partnership); Huang Guangwei,done
